<?xml version="1.0" encoding="utf-8"?>
<extension type="component" version="2.5.0" method="upgrade">
    <name>hnx_joomgallery</name>
    <creationDate>23.03.2014 21:15:05</creationDate>
    <author>hahnx</author>
    <authorEmail>hahnx@localhost</authorEmail>
    <copyright></copyright>
    <license></license>
    <version>0.0.1</version>
    <description>hnx_joomgallery Component</description>

    <install>
        <sql>
            <file driver="mysql" charset="utf8">sql/install.mysql.utf8.sql</file>
        </sql>
    </install>
    <uninstall>
        <sql>
            <file driver="mysql" charset="utf8">sql/uninstall.mysql.utf8.sql</file>
        </sql>
    </uninstall>
    <update>
        <schemas>
            <schemapath type="mysql">sql/updates/mysql</schemapath>
        </schemas>
    </update>

    <files folder="site">
        <filename>index.html</filename>
        <filename>hnx_joomgallery.php</filename>
        <filename>controller.php</filename>
        <folder>views</folder>
        <folder>models</folder>
        <folder>language</folder>
    </files>

    <administration>
        <menu>hnx_joomgallery</menu>
        <files folder="admin">
            <filename>index.html</filename>
            <filename>hnx_joomgallery.php</filename>
            <filename>controller.php</filename>
            <folder>sql</folder>
            <folder>tables</folder>
            <folder>models</folder>
            <folder>views</folder>
            <folder>language</folder>
            <folder>controllers</folder>
            <folder>helpers</folder>
        </files>
    </administration>
</extension>